kreis_ags,city,pop_trend_10y,vacancy_rate,rent_index_eur_m2,rent_growth_5y,price_eur_m2,grunderwerbsteuer_pct,updated,data_quality
11000,Berlin (Aussenbezirke: Neukoelln/Spandau/Marzahn-Hellersdorf/Lichtenberg/Treptow-Koepenick),PLACEHOLDER,PLACEHOLDER,13.5,PLACEHOLDER,PLACEHOLDER,0.06,2026-09-25,researched_partial
14713,Leipzig,PLACEHOLDER,PLACEHOLDER,9.09,PLACEHOLDER,2985,0.055,2026-09-25,researched
15002,Halle (Saale),PLACEHOLDER,PLACEHOLDER,9.22,PLACEHOLDER,PLACEHOLDER,0.05,2026-09-25,partial_placeholder
15003,Magdeburg,PLACEHOLDER,PLACEHOLDER,7.44,PLACEHOLDER,PLACEHOLDER,0.05,2026-09-25,partial_placeholder
12053,Frankfurt (Oder),PLACEHOLDER,PLACEHOLDER,PLACEHOLDER,PLACEHOLDER,2242,0.065,2026-09-25,researched_partial
12052,Cottbus,PLACEHOLDER,PLACEHOLDER,PLACEHOLDER,PLACEHOLDER,2602,0.065,2026-09-25,researched_partial
12051,Brandenburg an der Havel,PLACEHOLDER,PLACEHOLDER,PLACEHOLDER,PLACEHOLDER,2902,0.065,2026-09-25,researched_partial
12060,Eberswalde (Barnim),PLACEHOLDER,PLACEHOLDER,PLACEHOLDER,PLACEHOLDER,PLACEHOLDER,0.065,2026-09-25,placeholder
12061,Wildau (Dahme-Spreewald),PLACEHOLDER,PLACEHOLDER,PLACEHOLDER,PLACEHOLDER,PLACEHOLDER,0.065,2026-09-25,placeholder
